<nodeDefs>
    <!-- LIFX Control -->
    <nodeDef id="controller" nls="ctl">
        <editors />
        <sts>
            <st id="ST" editor="bool" />
            <st id="GV0" editor="lifxclr" />
        </sts>
        <cmds>
            <sends />
            <accepts>
                <cmd id="DISCOVER" />
                <cmd id="DON" />
                <cmd id="DOF" />
            </accepts>
        </cmds>
    </nodeDef>
    <!-- NODE DEF from 5.0 document http://wiki.universal-devices.com/index.php?title=V50_MAIN -->
    <!-- LIFX MultiZone Bulb -->
    <nodeDef id="lifxmultizone" nls="lifxmz">
        <editors />
        <sts>
            <st id="ST" editor="lifxst" />
            <st id="GV0" editor="lifxwifi" />
            <st id="GV1" editor="lifxclr" />
            <st id="GV2" editor="lifxclr" />
            <st id="GV3" editor="lifxclr" />
            <st id="GV4" editor="lifxzone" />
            <st id="CLITEMP" editor="lifxkelvin" />
            <st id="RR" editor="lifxduration" />
            <st id="GV5" editor="bool" />
            <st id="GV6" editor="lifxuptime" />
            <st id="GV7" editor="lifxclr" />
        </sts>
        <cmds>
            <sends>
                <cmd id="DON" />
                <cmd id="DOF" />
            </sends>
            <accepts>
                <cmd id="DON" />
                <cmd id="DOF" />
                <cmd id="DFON" />
                <cmd id="DFOF" />
                <cmd id="BRT" />
                <cmd id="DIM" />
                <cmd id="FDUP" />
                <cmd id="FDDOWN" />
                <cmd id="FDSTOP" />
                <cmd id="QUERY" />
                <cmd id="APPLY" />
                <cmd id="SET_COLOR">
                   <p id="" editor="lifxchoice" />
                </cmd>
                <cmd id="SETH">
                    <p id="" editor="lifxclr" init="GV1"/>
                </cmd>
                <cmd id="SETS">
                    <p id="" editor="lifxclr" init="GV2"/>
                </cmd>
                <cmd id="SETB">
                    <p id="" editor="lifxclr" init="GV3" />
                </cmd>
                <cmd id="CLITEMP">
                    <p id="" editor="lifxkelvin" init="CLITEMP" />
                </cmd>
                <cmd id="RR">
                    <p id="" editor="lifxduration" init="RR" />
                </cmd>
                <cmd id="SETZ">
                    <p id="" editor="lifxzone" init="GV4" />
                </cmd>
                <cmd id="SET_HSBKDZ">
                    <p id="H" editor="lifxclr" init="GV1" />
                    <p id="S" editor="lifxclr" init="GV2" />
                    <p id="B" editor="lifxclr" init="GV3" />
                    <p id="K" editor="lifxkelvin" init="CLITEMP" />
                    <p id="D" editor="lifxduration" init="RR" />
                    <p id="Z" editor="lifxzone" init="GV4" />
                </cmd>
                <cmd id="SETIR">
                    <p id="" editor="lifxclr" init="GV7"/>
                </cmd>
                <cmd id="WAVEFORM">
                    <p id="H" editor="lifxclr" init="GV1" />
                    <p id="S" editor="lifxclr" init="GV2" />
                    <p id="B" editor="lifxclr" init="GV3" />
                    <p id="K" editor="lifxkelvin" init="CLITEMP" />
                    <p id="PE" editor="lifxduration" init="RR" />
                    <p id="CY" editor="lifxclr" />
                    <p id="DC" editor="lifxduty" />
                    <p id="WF" editor="lifxwave" />
                </cmd>
                <cmd id="EFFECT">
                    <p id="EF" editor="lifxmzef" init="0" />
                    <p id="ES" editor="lifxes" init="3000" />
                    <p id="ED" editor="lifxes" init="0" />
                    <p id="ER" editor="bool" init="0" />
                </cmd>
            </accepts>
        </cmds>
    </nodeDef>
    <!-- LIFX Color Bulb -->
    <nodeDef id="lifxcolor" nls="lifxc">
        <editors />
        <sts>
            <st id="GV0" editor="lifxwifi" />
            <st id="ST" editor="lifxst" />
            <st id="GV1" editor="lifxclr" />
            <st id="GV2" editor="lifxclr" />
            <st id="GV3" editor="lifxclr" />
            <st id="CLITEMP" editor="lifxkelvin" />
            <st id="RR" editor="lifxduration" />
            <st id="GV5" editor="bool" />
            <st id="GV6" editor="lifxuptime" />
            <st id="GV7" editor="lifxclr" />
        </sts>
        <cmds>
            <sends>
                <cmd id="DON" />
                <cmd id="DOF" />
            </sends>
            <accepts>
                <cmd id="DON" />
                <cmd id="DOF" />
                <cmd id="DFON" />
                <cmd id="DFOF" />
                <cmd id="BRT" />
                <cmd id="DIM" />
                <cmd id="FDUP" />
                <cmd id="FDDOWN" />
                <cmd id="FDSTOP" />
                <cmd id="QUERY" />
                <cmd id="SET_COLOR">
                   <p id="" editor="lifxchoice" />
                </cmd>
                <cmd id="SETH">
                    <p id="" editor="lifxclr" init="GV1"/>
                </cmd>
                <cmd id="SETS">
                    <p id="" editor="lifxclr" init="GV2"/>
                </cmd>
                <cmd id="SETB">
                    <p id="" editor="lifxclr" init="GV3"/>
                </cmd>
                <cmd id="CLITEMP">
                    <p id="" editor="lifxkelvin" init="CLITEMP"/>
                </cmd>
                <cmd id="RR">
                    <p id="" editor="lifxduration" init="RR"/>
                </cmd>
                <cmd id="SET_HSBKD">
                    <p id="H" editor="lifxclr" init="GV1" />
                    <p id="S" editor="lifxclr" init="GV2" />
                    <p id="B" editor="lifxclr" init="GV3" />
                    <p id="K" editor="lifxkelvin" init="CLITEMP" />
                    <p id="D" editor="lifxduration" init="RR" />
                </cmd>
                <cmd id="SETIR">
                    <p id="" editor="lifxclr" init="GV7"/>
                </cmd>
                <cmd id="WAVEFORM">
                    <p id="H" editor="lifxclr" init="GV1" />
                    <p id="S" editor="lifxclr" init="GV2" />
                    <p id="B" editor="lifxclr" init="GV3" />
                    <p id="K" editor="lifxkelvin" init="CLITEMP" />
                    <p id="PE" editor="lifxduration" init="RR" />
                    <p id="CY" editor="lifxclr" />
                    <p id="DC" editor="lifxduty" />
                    <p id="WF" editor="lifxwave" />
                </cmd>
            </accepts>
        </cmds>
    </nodeDef>
    <!-- LIFX White Bulb -->
    <nodeDef id="lifxwhite" nls="lifxw">
        <editors />
        <sts>
            <st id="GV0" editor="lifxwifi" />
            <st id="ST" editor="bool" />
            <st id="GV3" editor="lifxclr" />
            <st id="CLITEMP" editor="lifxkelvin" />
            <st id="RR" editor="lifxduration" />
            <st id="GV5" editor="bool" />
            <st id="GV6" editor="lifxuptime" />
        </sts>
        <cmds>
            <sends>
                <cmd id="DON" />
                <cmd id="DOF" />
            </sends>
            <accepts>
                <cmd id="DON" />
                <cmd id="DOF" />
                <cmd id="DFON" />
                <cmd id="DFOF" />
                <cmd id="BRT" />
                <cmd id="DIM" />
                <cmd id="FDUP" />
                <cmd id="FDDOWN" />
                <cmd id="FDSTOP" />
                <cmd id="QUERY" />
                <cmd id="SETB">
                    <p id="" editor="lifxclr" init="GV3"/>
                </cmd>
                <cmd id="CLITEMP">
                    <p id="" editor="lifxkelvin" init="CLITEMP"/>
                </cmd>
                <cmd id="RR">
                    <p id="" editor="lifxduration" init="RR"/>
                </cmd>
                <cmd id="SET_HSBKD">
                    <p id="B" editor="lifxclr" init="GV3" />
                    <p id="K" editor="lifxkelvin" init="CLITEMP" />
                    <p id="D" editor="lifxduration" init="RR" />
                </cmd>
            </accepts>
        </cmds>
    </nodeDef>
    <!-- LIFX Group -->
    <nodeDef id="lifxgroup" nls="lifxg">
        <editors />
        <sts>
            <st id="ST" editor="lifxclr" />
        </sts>
        <cmds>
            <sends />
            <accepts>
                <cmd id="DON" />
                <cmd id="DOF" />
                <cmd id="DFON" />
                <cmd id="DFOF" />
                <cmd id="QUERY" />
                <cmd id="SET_COLOR">
                   <p id="" editor="lifxchoice" />
                </cmd>
                <cmd id="SET_HSBKD">
                    <p id="H" editor="lifxclr" />
                    <p id="S" editor="lifxclr" />
                    <p id="B" editor="lifxclr" />
                    <p id="K" editor="lifxkelvin" />
                    <p id="D" editor="lifxduration" optional="True" />
                </cmd>
                <cmd id="SETH">
                    <p id="" editor="lifxclr" />
                </cmd>
                <cmd id="SETS">
                    <p id="" editor="lifxclr" />
                </cmd>
                <cmd id="SETB">
                    <p id="" editor="lifxclr" />
                </cmd>
                <cmd id="CLITEMP">
                    <p id="" editor="lifxkelvin" />
                </cmd>
                <cmd id="SETIR">
                    <p id="" editor="lifxclr" />
                </cmd>
            </accepts>
        </cmds>
    </nodeDef>
    <!-- LIFX Tile -->
    <nodeDef id="lifxtile" nls="lifxt">
        <editors />
        <sts>
            <st id="GV0" editor="lifxwifi" />
            <st id="ST" editor="lifxst" />
            <st id="GV1" editor="lifxclr" />
            <st id="GV2" editor="lifxclr" />
            <st id="GV3" editor="lifxclr" />
            <st id="CLITEMP" editor="lifxkelvin" />
            <st id="RR" editor="lifxduration" />
            <st id="GV5" editor="bool" />
            <st id="GV6" editor="lifxuptime" />
            <st id="GV8" editor="tilecnt" />
            <st id="GV9" editor="lifxtef" />
        </sts>
        <cmds>
            <sends>
                <cmd id="DON" />
                <cmd id="DOF" />
            </sends>
            <accepts>
                <cmd id="DON" />
                <cmd id="DOF" />
                <cmd id="DFON" />
                <cmd id="DFOF" />
                <cmd id="BRT" />
                <cmd id="DIM" />
                <cmd id="FDUP" />
                <cmd id="FDDOWN" />
                <cmd id="FDSTOP" />
                <cmd id="QUERY" />
                <cmd id="SET_COLOR">
                   <p id="" editor="lifxchoice" />
                </cmd>
                <cmd id="SETH">
                    <p id="" editor="lifxclr" init="GV1"/>
                </cmd>
                <cmd id="SETS">
                    <p id="" editor="lifxclr" init="GV2"/>
                </cmd>
                <cmd id="SETB">
                    <p id="" editor="lifxclr" init="GV3"/>
                </cmd>
                <cmd id="CLITEMP">
                    <p id="" editor="lifxkelvin" init="CLITEMP"/>
                </cmd>
                <cmd id="RR">
                    <p id="" editor="lifxduration" init="RR"/>
                </cmd>
                <cmd id="SET_HSBKD">
                    <p id="H" editor="lifxclr" init="GV1" />
                    <p id="S" editor="lifxclr" init="GV2" />
                    <p id="B" editor="lifxclr" init="GV3" />
                    <p id="K" editor="lifxkelvin" init="CLITEMP" />
                    <p id="D" editor="lifxduration" init="RR" />
                </cmd>
                <cmd id="WAVEFORM">
                    <p id="H" editor="lifxclr" init="GV1" />
                    <p id="S" editor="lifxclr" init="GV2" />
                    <p id="B" editor="lifxclr" init="GV3" />
                    <p id="K" editor="lifxkelvin" init="CLITEMP" />
                    <p id="PE" editor="lifxduration" init="RR" />
                    <p id="CY" editor="lifxclr" />
                    <p id="DC" editor="lifxduty" />
                    <p id="WF" editor="lifxwave" />
                </cmd>
                <cmd id="EFFECT">
                    <p id="EF" editor="lifxtef" init="GV9" />
                    <p id="ES" editor="lifxes" init="3000" />
                    <p id="ED" editor="lifxes" init="0" />
                    <p id="B" editor="lifxclr" init="GV3" />
                </cmd>
		<cmd id="TILESV">
		    <p id="" editor="tilemem" init="1" />
		</cmd>
		<cmd id="TILERT">
		    <p id="" editor="tilemem" init="1" />
		</cmd>
            </accepts>
        </cmds>
    </nodeDef>
</nodeDefs>
